-,fixed acidity,volatile acidity,citric acid,residual sugar,chlorides,free sulfur dioxide,total sulfur dioxide,density,pH,sulphates,alcohol,quality
count,4898.0,4898.0,4898.0,4898.0,4898.0,4898.0,4898.0,4898.0,4898.0,4898.0,4898.0,4898.0
mean,6.85478766844,0.278241118824,0.334191506737,6.39141486321,0.0457723560637,35.3080849326,138.360657411,0.99402737648,3.18826663944,0.489846876276,10.5142670478,5.87790935076
std,0.843868227688,0.100794548425,0.121019804203,5.07205778401,0.0218479680937,17.0071373252,42.4980645541,0.00299090691694,0.151000599615,0.114125833949,1.23062056776,0.885638574968
min,3.8,0.08,0.0,0.6,0.009,2.0,9.0,0.98711,2.72,0.22,8.0,3.0
25%,6.3,0.21,0.27,1.7,0.036,23.0,108.0,0.9917225,3.09,0.41,9.5,5.0
50%,6.8,0.26,0.32,5.2,0.043,34.0,134.0,0.99374,3.18,0.47,10.4,6.0
75%,7.3,0.32,0.39,9.9,0.05,46.0,167.0,0.9961,3.28,0.55,11.4,6.0
max,14.2,1.1,1.66,65.8,0.346,289.0,440.0,1.03898,3.82,1.08,14.2,9.0
