,fixed acidity,volatile acidity,citric acid,residual sugar,chlorides,free sulfur dioxide,total sulfur dioxide,density,pH,sulphates,alcohol,quality
count,3994.0,3994.0,3994.0,3994.0,3994.0,3994.0,3994.0,3994.0,3994.0,3994.0,3994.0,3994.0
mean,0.502329151622,0.454784027894,0.477119935222,0.270152892891,0.479564801748,0.420260197989,0.496197287384,0.454953979791,0.490156467578,0.484022329791,0.375892718388,0.491362043065
std,0.191061716289,0.188284324508,0.183296772407,0.230552921164,0.179538828582,0.192317694515,0.175687891572,0.194450794311,0.188626383878,0.183156376777,0.209315177834,0.14258025513
min,0.0,0.0,0.0,0.0,0.0,0.0,0.0,0.0,0.0,0.0,0.0,0.0
25%,0.368421052632,0.320987654321,0.36170212766,0.0560747663551,0.345454545455,0.282051282051,0.367521367521,0.302356902357,0.356164383562,0.351851851852,0.189655172414,0.333333333333
50%,0.5,0.444444444444,0.446808510638,0.214953271028,0.472727272727,0.410256410256,0.478632478632,0.435016835017,0.479452054795,0.462962962963,0.362068965517,0.5
75%,0.631578947368,0.567901234568,0.574468085106,0.42523364486,0.6,0.551282051282,0.619658119658,0.591919191919,0.616438356164,0.592592592593,0.51724137931,0.5
max,1.0,1.0,1.0,1.0,1.0,1.0,1.0,1.0,1.0,1.0,1.0,1.0
